{
  "version": 1,
  "author": "Isabela Chaves",
  "editor": "wokwi",
  "parts": [
    { "type": "board-esp32-devkit-c-v4", "id": "esp", "top": -9.6, "left": 33.64, "attrs": {} },
    {
      "type": "wokwi-hc-sr04",
      "id": "ultrasonic1",
      "top": 54.5,
      "left": -161.3,
      "rotate": 270,
      "attrs": {}
    },
    {
      "type": "wokwi-hc-sr04",
      "id": "ultrasonic2",
      "top": 62.7,
      "left": 192.9,
      "rotate": 90,
      "attrs": {}
    }
  ],
  "connections": [
    [ "esp:TX", "$serialMonitor:RX", "", [] ],
    [ "esp:RX", "$serialMonitor:TX", "", [] ],
    [ "ultrasonic1:GND", "esp:GND.1", "black", [ "h28.8", "v39.6" ] ],
    [ "ultrasonic1:VCC", "esp:3V3", "red", [ "h19.2", "v-86.4" ] ],
    [ "ultrasonic2:GND", "esp:GND.3", "black", [ "h-38.4", "v-1.2", "h-28.8", "v-38.4" ] ],
    [ "ultrasonic2:VCC", "esp:3V3", "red", [ "h-9.6", "v-134.4", "h-163.2", "v9.6" ] ],
    [ "ultrasonic1:TRIG", "esp:14", "green", [ "h9.6", "v29.2" ] ],
    [ "ultrasonic1:ECHO", "esp:33", "green", [ "h0" ] ],
    [ "ultrasonic2:ECHO", "esp:16", "green", [ "h-38.4", "v18.4", "h-9.6" ] ],
    [ "ultrasonic2:TRIG", "esp:21", "green", [ "h-38.4", "v-10" ] ]
  ],
  "dependencies": {}
}
